{"map_info": {"height": 115.10438234728956, "width": 88.74833018992432}}