{"map_info": {"height": 219.52228854042215, "width": 73.74195003193739}}