{"map_info": {"height": 102.41642144309459, "width": 78.04442235662015}}