{"map_info": {"height": 84.82546026285314, "width": 134.13352782234782}}