{"map_info": {"height": 120.55904898677157, "width": 126.97177849126986}}