{"map_info": {"height": 162.7490999171657, "width": 154.59782273080404}}