{"map_info": {"height": 73.02559296704806, "width": 96.61811034141641}}