{"map_info": {"height": 366.130353631489, "width": 218.64077805741158}}