{"map_info": {"height": 78.14626778305647, "width": 42.455245732045874}}