{"map_info": {"height": 184.67895922437108, "width": 101.95449222945561}}