{"map_info": {"height": 172.0996961393156, "width": 162.1293034616427}}