{"map_info": {"height": 50.20543560108729, "width": 52.73460862853849}}