{"map_info": {"height": 90.28011919626269, "width": 190.1651929925733}}