{"map_info": {"height": 144.53378858719046, "width": 122.40020010253855}}