{"map_info": {"height": 193.9184218633554, "width": 203.70226974164385}}