{"map_info": {"height": 127.90607077471671, "width": 89.60029958881746}}