{"map_info": {"height": 129.57902748003423, "width": 55.77911552556243}}