{"map_info": {"height": 154.62269456336108, "width": 278.8331507148679}}