{"map_info": {"height": 67.68225386801446, "width": 114.66676897690277}}