{"map_info": {"height": 159.52076202830943, "width": 136.54547441190428}}