{"map_info": {"height": 114.43631124634823, "width": 176.34511266871633}}