{"map_info": {"height": 134.8078498791016, "width": 147.5591159154955}}