{"map_info": {"height": 95.40081214491903, "width": 62.823192961433264}}