{"map_info": {"height": 129.68705102352402, "width": 122.32105517986146}}