{"map_info": {"height": 66.01246954172389, "width": 116.67467905540624}}