{"map_info": {"height": 114.5477338883225, "width": 266.45493349299886}}