{"map_info": {"height": 75.5859660180051, "width": 108.4001822511501}}