{"map_info": {"height": 115.32883500217201, "width": 86.78564600665183}}