{"map_info": {"height": 159.85470082588694, "width": 79.86468176710218}}