{"map_info": {"height": 102.41642144309459, "width": 78.0430599890936}}