{"map_info": {"height": 147.27565436384987, "width": 129.0630808375413}}