{"map_info": {"height": 64.8995726623995, "width": 101.17472342077392}}