{"map_info": {"height": 315.0340437409393, "width": 220.10491298891702}}