{"map_info": {"height": 212.28634893745877, "width": 143.7207198160682}}