{"map_info": {"height": 56.995578120422685, "width": 58.338273195112016}}