{"map_info": {"height": 84.04618851927388, "width": 106.52293480113846}}