{"map_info": {"height": 130.80044264544185, "width": 136.86955834978957}}