{"map_info": {"height": 230.87686314765392, "width": 232.41266175048293}}