{"map_info": {"height": 144.60383098283432, "width": 333.0718777953989}}