{"map_info": {"height": 190.91290148180786, "width": 198.9725450564893}}