{"map_info": {"height": 134.13974683900562, "width": 222.45588797859997}}