{"map_info": {"height": 158.07361558538545, "width": 198.9386895884614}}