{"map_info": {"height": 104.5290327291725, "width": 198.51764255625628}}