{"map_info": {"height": 160.8563347619712, "width": 106.85843001970052}}