{"map_info": {"height": 62.00495482908791, "width": 110.99194839890785}}