{"map_info": {"height": 37.95994918906413, "width": 43.96597811362409}}