{"map_info": {"height": 215.96005633475534, "width": 76.04939045167775}}