{"map_info": {"height": 130.021210782855, "width": 136.86955834978957}}