{"map_info": {"height": 163.19456210097806, "width": 141.70808667880047}}