{"map_info": {"height": 185.57040020793494, "width": 160.6381334630858}}