{"map_info": {"height": 87.83088316785764, "width": 52.0209836493444}}