{"map_info": {"height": 66.90300269560814, "width": 65.45272479789014}}