{"map_info": {"height": 93.61971713520958, "width": 140.1155151374878}}