{"map_info": {"height": 69.68561793313667, "width": 49.706112345345055}}