{"map_info": {"height": 124.00993899130799, "width": 178.38758819266167}}