{"map_info": {"height": 95.06682708027684, "width": 49.12430448408}}