{"map_info": {"height": 155.06815323545763, "width": 172.2004821989531}}