{"map_info": {"height": 134.8078498791016, "width": 147.27351762763908}}