{"map_info": {"height": 135.25312335895777, "width": 150.21443190089224}}