{"map_info": {"height": 163.30639801879926, "width": 188.07749775811797}}