{"map_info": {"height": 137.92481462832944, "width": 97.54989812375709}}