{"map_info": {"height": 110.87422383157575, "width": 116.86711279372244}}