{"map_info": {"height": 133.91732696796876, "width": 119.51423618435162}}