{"map_info": {"height": 78.70286790899097, "width": 72.80999412271017}}