{"map_info": {"height": 90.39142652674681, "width": 283.18953123619065}}