{"map_info": {"height": 78.70286790899097, "width": 70.71611193882241}}