{"map_info": {"height": 128.46270326202736, "width": 35.21410184567292}}