{"map_info": {"height": 68.79544239406876, "width": 136.44151947237222}}