{"map_info": {"height": 163.19320415989375, "width": 188.07749775811797}}