{"map_info": {"height": 71.1329000356222, "width": 89.6399348132758}}