{"map_info": {"height": 104.52906793732888, "width": 72.8924547031849}}