{"map_info": {"height": 209.28048118150824, "width": 213.37024784242504}}