{"map_info": {"height": 71.46712687541172, "width": 89.88221812272113}}