{"map_info": {"height": 171.87718708784192, "width": 393.6959618875078}}