{"map_info": {"height": 182.89784663249313, "width": 88.49294552503885}}