{"map_info": {"height": 282.08391077978985, "width": 205.77115772603673}}