{"map_info": {"height": 193.02795824667317, "width": 159.83397836301106}}