{"map_info": {"height": 168.76029648949492, "width": 279.9016182762572}}