{"map_info": {"height": 94.1762859742297, "width": 96.59293781625156}}