{"map_info": {"height": 118.7779362229405, "width": 119.0264770774796}}