{"map_info": {"height": 96.18005734261695, "width": 86.91852361384827}}