{"map_info": {"height": 162.52677974533424, "width": 198.78214070889072}}