{"map_info": {"height": 124.00993899130799, "width": 177.91163411487574}}