{"map_info": {"height": 189.57714010787836, "width": 284.78372898565937}}