{"map_info": {"height": 190.46800186043674, "width": 180.47077453529465}}