{"map_info": {"height": 175.66214346629135, "width": 213.49259934960048}}