{"map_info": {"height": 82.93304048737926, "width": 109.32471938547421}}