{"map_info": {"height": 211.9524162059589, "width": 152.09095366215334}}