{"map_info": {"height": 221.97113030997997, "width": 292.37655429070344}}