{"map_info": {"height": 147.38698927728007, "width": 110.33229856821409}}