{"map_info": {"height": 140.81899552876942, "width": 270.37783808125175}}