{"map_info": {"height": 114.54775794927052, "width": 141.9692652975341}}