{"map_info": {"height": 195.25401098381516, "width": 98.43783248467078}}