{"map_info": {"height": 221.85980965595348, "width": 294.68327266597413}}