{"map_info": {"height": 161.52451060702646, "width": 191.80616728114978}}