{"map_info": {"height": 437.699737768672, "width": 284.9105909796905}}