{"map_info": {"height": 99.85356464264498, "width": 112.04651949067654}}