{"map_info": {"height": 65.2332417723847, "width": 113.72011124652744}}