{"map_info": {"height": 130.57778814608847, "width": 173.37152638383503}}