{"map_info": {"height": 311.58205955450796, "width": 238.3547827975329}}