{"map_info": {"height": 43.41460098250918, "width": 56.178458691667814}}