{"map_info": {"height": 110.54027598045978, "width": 94.35599889127778}}