{"map_info": {"height": 222.0824509676249, "width": 292.37655429070344}}