{"map_info": {"height": 126.34775639910214, "width": 154.78632559339212}}