{"map_info": {"height": 140.4852069546511, "width": 147.02739022552862}}