{"map_info": {"height": 206.8312044424631, "width": 406.03139238489774}}