{"map_info": {"height": 182.11858983299618, "width": 101.95449222945561}}