{"map_info": {"height": 78.25761583213487, "width": 74.99653482442403}}