{"map_info": {"height": 124.45519992172456, "width": 100.16398671197847}}