{"map_info": {"height": 202.37878709574522, "width": 151.38970984253518}}