{"map_info": {"height": 195.36568664193126, "width": 284.14090751158875}}