{"map_info": {"height": 115.32698977610055, "width": 60.92022511218303}}