{"map_info": {"height": 193.80720170203406, "width": 162.68985647652121}}