{"map_info": {"height": 278.18791490163585, "width": 218.22742795073825}}