{"map_info": {"height": 94.95550710833857, "width": 49.12430448408}}