{"map_info": {"height": 129.7985813420307, "width": 134.77558735975268}}