{"map_info": {"height": 152.0624260395808, "width": 121.92463610083887}}