{"map_info": {"height": 74.80670598921344, "width": 105.91897582529393}}