{"map_info": {"height": 106.86674226108889, "width": 116.86711279372244}}