{"map_info": {"height": 148.16621152822603, "width": 146.97207607507752}}