{"map_info": {"height": 171.32058561994572, "width": 396.48472175460427}}