{"map_info": {"height": 187.4620853494998, "width": 279.2967348511189}}