{"map_info": {"height": 138.70415157071466, "width": 137.4609189177004}}