{"map_info": {"height": 76.36517037309201, "width": 107.49674441730649}}