{"map_info": {"height": 60.66912482512377, "width": 109.37371244339148}}