{"map_info": {"height": 135.25312335895777, "width": 150.02404605738212}}