{"map_info": {"height": 135.5871374974644, "width": 47.40544350760515}}