{"map_info": {"height": 197.5954593863813, "width": 142.9140269930032}}