{"map_info": {"height": 178.89070044393085, "width": 179.7085680245735}}