{"map_info": {"height": 104.30637069425983, "width": 112.92486640462303}}