{"map_info": {"height": 112.76662211038396, "width": 93.7001974124371}}