{"map_info": {"height": 161.52451060702646, "width": 192.75947824939962}}