{"map_info": {"height": 183.12045825007294, "width": 115.33246976450557}}