{"map_info": {"height": 71.91198817777692, "width": 73.4535199838938}}