{"map_info": {"height": 56.995578120422685, "width": 55.29784201804276}}