{"map_info": {"height": 136.92290413001066, "width": 157.91893421524838}}