{"map_info": {"height": 45.418379193181096, "width": 49.405882233817174}}