{"map_info": {"height": 189.91126397210266, "width": 211.89226281995536}}