{"map_info": {"height": 128.3513858003067, "width": 43.303827946667255}}