{"map_info": {"height": 297.4453937649415, "width": 230.54726139089357}}