{"map_info": {"height": 175.43916740225995, "width": 170.61617511960404}}