{"map_info": {"height": 51.54090332094611, "width": 65.58615132691696}}