{"map_info": {"height": 183.4544693965664, "width": 274.65238218305234}}