{"map_info": {"height": 73.02559296704806, "width": 92.42973905722896}}