{"map_info": {"height": 117.5534282504965, "width": 114.0749756284613}}