{"map_info": {"height": 115.21571156849619, "width": 188.5877537237674}}