{"map_info": {"height": 194.69765663700053, "width": 168.81099929766523}}