{"map_info": {"height": 269.38855764791566, "width": 290.6701042942734}}