{"map_info": {"height": 297.55671157911155, "width": 230.54726139089357}}