{"map_info": {"height": 134.02876051004841, "width": 154.78632559339212}}