{"map_info": {"height": 61.114398832084945, "width": 46.90371019827261}}