{"map_info": {"height": 149.7243210215205, "width": 116.82456821111235}}