{"map_info": {"height": 63.89737603376546, "width": 104.16618510426011}}