{"map_info": {"height": 63.56344948022222, "width": 54.3489647360593}}