{"map_info": {"height": 187.35094751755216, "width": 141.95586538505253}}