{"map_info": {"height": 203.15796434329474, "width": 101.10346044320228}}