{"map_info": {"height": 198.8173672802035, "width": 171.4072675769148}}