{"map_info": {"height": 108.64792062771517, "width": 58.36985760917667}}