{"map_info": {"height": 127.34951768496488, "width": 160.58598298830776}}