{"map_info": {"height": 63.6747735370989, "width": 77.97360419231104}}