{"map_info": {"height": 103.30471042557464, "width": 146.2188167968627}}