{"map_info": {"height": 128.79672390664842, "width": 130.30210388045833}}