{"map_info": {"height": 104.41768438259986, "width": 82.58678333705295}}