{"map_info": {"height": 252.25002019023339, "width": 300.93063493796086}}