{"map_info": {"height": 123.45330026020181, "width": 33.97684962194674}}