{"map_info": {"height": 184.67895922437108, "width": 100.62175376994969}}