{"map_info": {"height": 193.36214038919124, "width": 211.89226281995536}}