{"map_info": {"height": 93.17417826356902, "width": 215.7080133461897}}