{"map_info": {"height": 195.2543661264459, "width": 278.43526679963566}}