{"map_info": {"height": 214.17873650366636, "width": 241.42132635903226}}