{"map_info": {"height": 147.49595138109666, "width": 124.02288783519188}}