{"map_info": {"height": 119.44584076615571, "width": 142.44176168273864}}