{"map_info": {"height": 241.67453956172983, "width": 179.63595934023206}}