{"map_info": {"height": 123.45330026020181, "width": 33.59615662770352}}