{"map_info": {"height": 121.44974253112086, "width": 129.919694206073}}