{"map_info": {"height": 277.965278420109, "width": 216.89036712245647}}