{"map_info": {"height": 125.45325647997481, "width": 219.41253580597967}}