{"map_info": {"height": 209.61479738571973, "width": 210.77976380868057}}