{"map_info": {"height": 56.884243131321966, "width": 84.57754463135441}}