{"map_info": {"height": 166.86791036079072, "width": 172.19720571176987}}