{"map_info": {"height": 65.3445609517615, "width": 88.78733371667559}}