{"map_info": {"height": 158.85339215195614, "width": 140.6772401841033}}