{"map_info": {"height": 124.00990226205822, "width": 199.54481976686415}}