{"map_info": {"height": 230.43028563875026, "width": 257.82124419835736}}