{"map_info": {"height": 134.36241964396154, "width": 103.14599751854779}}