{"map_info": {"height": 115.21592304211241, "width": 116.15164438887884}}