{"map_info": {"height": 105.9760715633056, "width": 163.00007711438212}}