{"map_info": {"height": 71.5784472790768, "width": 84.04481002299798}}