{"map_info": {"height": 355.70746999676373, "width": 243.48232011735178}}