{"map_info": {"height": 209.3914738318915, "width": 112.71798226513508}}