{"map_info": {"height": 60.33517070835905, "width": 77.83607823728691}}