{"map_info": {"height": 163.6396772325299, "width": 153.69290665152892}}