{"map_info": {"height": 154.95660903583166, "width": 293.61846732771755}}