{"map_info": {"height": 166.20009965576656, "width": 214.38090930738554}}