{"map_info": {"height": 143.49063601069, "width": 335.17026877646447}}