{"map_info": {"height": 217.9638294169527, "width": 72.78051652827025}}