{"map_info": {"height": 236.77878496379995, "width": 161.19785113577655}}