{"map_info": {"height": 190.4063175952168, "width": 224.05522652126197}}