{"map_info": {"height": 138.5928577070425, "width": 163.63028807683054}}