{"map_info": {"height": 60.22371965322551, "width": 78.89216300384105}}