{"map_info": {"height": 230.98818397445146, "width": 232.41266175048293}}