{"map_info": {"height": 53.989932958534425, "width": 167.89397062011372}}