{"map_info": {"height": 221.63702991982515, "width": 96.79269286975796}}