{"map_info": {"height": 97.73860628733567, "width": 71.17957717720248}}