{"map_info": {"height": 137.70231286143456, "width": 149.7277845854798}}