{"map_info": {"height": 113.54591040884657, "width": 66.34593266443224}}