{"map_info": {"height": 63.34078439912914, "width": 101.6164261182206}}