{"map_info": {"height": 215.40317698429155, "width": 154.3737447145581}}