{"map_info": {"height": 139.2605785443615, "width": 122.32105517986146}}