{"map_info": {"height": 130.24376745233766, "width": 120.30194822206833}}