{"map_info": {"height": 146.6076318836871, "width": 102.76538498028059}}