{"map_info": {"height": 58.10877168784291, "width": 99.77697722721071}}