{"map_info": {"height": 152.3075447409275, "width": 122.40020010253855}}