{"map_info": {"height": 64.8995726623995, "width": 222.43210595682476}}