{"map_info": {"height": 168.98294770185407, "width": 123.46819381348995}}