{"map_info": {"height": 102.19133495524893, "width": 86.99565632952141}}