{"map_info": {"height": 220.0784400605056, "width": 183.83127898510716}}