{"map_info": {"height": 152.841773268061, "width": 166.2034504796386}}