{"map_info": {"height": 131.46839305670406, "width": 177.91163411487574}}