{"map_info": {"height": 109.65430703864556, "width": 115.32974923264955}}