{"map_info": {"height": 169.09449416846377, "width": 211.2408427278896}}