{"map_info": {"height": 199.37310167146921, "width": 217.80298752832988}}