{"map_info": {"height": 163.08324334570946, "width": 141.70808667880047}}