{"map_info": {"height": 152.96117860424823, "width": 199.90868028454378}}