{"map_info": {"height": 68.35016807070258, "width": 154.18082540142765}}