{"map_info": {"height": 81.48586912329334, "width": 76.32896056739631}}