{"map_info": {"height": 187.0169356960273, "width": 116.79526760582979}}