{"map_info": {"height": 152.7303381599045, "width": 192.75947824939962}}