{"map_info": {"height": 180.33790713524004, "width": 252.35085181178835}}