{"map_info": {"height": 36.512791857336595, "width": 84.91776209029184}}