{"map_info": {"height": 77.36704510133518, "width": 105.53865634167732}}