{"map_info": {"height": 85.49338757997235, "width": 170.35971495204794}}