{"map_info": {"height": 178.77937983495843, "width": 179.7085680245735}}