{"map_info": {"height": 65.01058863494016, "width": 122.67553770779449}}