{"map_info": {"height": 75.25208556146895, "width": 112.92486640462303}}