{"map_info": {"height": 204.48764767920696, "width": 226.92608653238025}}