{"map_info": {"height": 88.49907523151627, "width": 134.38253313505675}}