{"map_info": {"height": 53.767330378348625, "width": 85.33926893255835}}