{"map_info": {"height": 150.03579918135398, "width": 207.54057826121704}}