{"map_info": {"height": 58.554033439676495, "width": 101.6164261182206}}