{"map_info": {"height": 85.7160126404068, "width": 134.22865798624048}}