{"map_info": {"height": 524.2055657365709, "width": 288.4116488961759}}