{"map_info": {"height": 131.69096151444836, "width": 70.2962221925624}}