{"map_info": {"height": 108.53638580253032, "width": 144.59401787698954}}