{"map_info": {"height": 152.84197851622338, "width": 198.02254233173164}}