{"map_info": {"height": 91.83857574530823, "width": 80.71332860448925}}