{"map_info": {"height": 136.14344867514436, "width": 235.53011960711763}}