{"map_info": {"height": 106.64403425166564, "width": 141.77844639111592}}