{"map_info": {"height": 256.5916882687328, "width": 302.4832705389746}}