{"map_info": {"height": 111.87613516070691, "width": 91.0889858063531}}