{"map_info": {"height": 118.77789087854262, "width": 78.86881112151812}}