{"map_info": {"height": 204.48764767920696, "width": 227.30775569481423}}