{"map_info": {"height": 171.87718708784192, "width": 394.56143908769667}}