{"map_info": {"height": 208.72404194273574, "width": 194.0421977235717}}