{"map_info": {"height": 104.97422140582145, "width": 175.64310060418066}}