{"map_info": {"height": 143.93606756054243, "width": 294.667445289889}}