{"map_info": {"height": 57.99738257552753, "width": 63.77019476458022}}