{"map_info": {"height": 65.12190848031132, "width": 122.67553770779449}}