{"map_info": {"height": 43.859879604922384, "width": 139.0307670817089}}