{"map_info": {"height": 326.94532292230326, "width": 238.86385443772323}}