{"map_info": {"height": 124.00990226205822, "width": 195.53674591205103}}