{"map_info": {"height": 151.28339199164603, "width": 75.75375138963027}}