{"map_info": {"height": 285.4227487237607, "width": 302.91540800720736}}