{"map_info": {"height": 214.17873650366636, "width": 238.6595044808886}}