{"map_info": {"height": 128.90789858601266, "width": 333.0718777953989}}