{"map_info": {"height": 158.8529597062357, "width": 182.17201369821376}}