{"map_info": {"height": 103.41585723958856, "width": 153.83334237026455}}