{"map_info": {"height": 86.16163566116612, "width": 60.28094462469867}}