{"map_info": {"height": 113.54586760009981, "width": 151.69006595404517}}