{"map_info": {"height": 222.19355697052285, "width": 136.46704986352233}}