{"map_info": {"height": 155.735836625185, "width": 187.81563633818743}}