{"map_info": {"height": 94.39893440852434, "width": 80.52296698056855}}