{"map_info": {"height": 44.41647803448561, "width": 56.178458691667814}}