{"map_info": {"height": 163.97382759817614, "width": 200.68823040273065}}