{"map_info": {"height": 137.0343881558518, "width": 268.71919909235334}}