{"map_info": {"height": 207.49955055093818, "width": 277.15429562756344}}