{"map_info": {"height": 100.74796475105386, "width": 139.68116467891028}}