{"map_info": {"height": 244.01227212774037, "width": 176.0308595428833}}