{"map_info": {"height": 161.07930175656477, "width": 153.10732056102574}}