{"map_info": {"height": 300.78975230410464, "width": 421.1039354651543}}