{"map_info": {"height": 163.52835686581778, "width": 155.98255888880337}}