{"map_info": {"height": 63.89737603376546, "width": 105.78337701866869}}