{"map_info": {"height": 89.72355553829155, "width": 79.16093515799658}}