{"map_info": {"height": 72.46904463569476, "width": 55.82889727489964}}