{"map_info": {"height": 303.34540948013404, "width": 305.98971598819514}}