{"map_info": {"height": 73.24823013325936, "width": 77.34552920875784}}