{"map_info": {"height": 133.80584995263777, "width": 154.8792607480238}}