{"map_info": {"height": 167.31289203712507, "width": 248.3813161567289}}