{"map_info": {"height": 252.02764991329323, "width": 227.49553457846395}}