{"map_info": {"height": 70.91053369915191, "width": 86.8825858322864}}