{"map_info": {"height": 364.0266790446649, "width": 171.62686636690628}}