{"map_info": {"height": 127.90607077471671, "width": 89.50518249723574}}