{"map_info": {"height": 187.4620853494998, "width": 270.54165291063737}}