{"map_info": {"height": 87.60844621241388, "width": 102.31469762280214}}