{"map_info": {"height": 68.12753329721279, "width": 114.66676897690277}}