{"map_info": {"height": 81.37450854334578, "width": 277.3963590180147}}