{"map_info": {"height": 102.74788157263269, "width": 96.39125139786267}}