{"map_info": {"height": 100.07621565151209, "width": 114.830009702823}}