{"map_info": {"height": 67.12566295028536, "width": 54.3489647360593}}