{"map_info": {"height": 65.45584509604117, "width": 65.45272479789014}}