{"map_info": {"height": 72.13501550740753, "width": 168.98196553820554}}