{"map_info": {"height": 73.13691101913615, "width": 77.34552920875784}}