{"map_info": {"height": 53.767183210105486, "width": 58.62192088282809}}