{"map_info": {"height": 90.39142652674681, "width": 280.4028001869744}}