{"map_info": {"height": 193.91845996128325, "width": 123.43005820496586}}