{"map_info": {"height": 145.8286025091954, "width": 145.6664929696929}}