{"map_info": {"height": 102.52520592567126, "width": 175.64310060418066}}