{"map_info": {"height": 92.28380764039869, "width": 64.6422533778672}}