{"map_info": {"height": 183.7884295038634, "width": 131.3059692874312}}