{"map_info": {"height": 114.5477338883225, "width": 267.21596150508356}}