{"map_info": {"height": 59.22197827200311, "width": 71.23162195313756}}