{"map_info": {"height": 110.31762656335658, "width": 188.5877537237674}}