{"map_info": {"height": 92.17257250225649, "width": 82.92008112544318}}