{"map_info": {"height": 61.8936282738372, "width": 163.95579407018505}}