{"map_info": {"height": 145.49443802051746, "width": 102.47992557538608}}