{"map_info": {"height": 61.559681045290006, "width": 34.751238937398924}}