{"map_info": {"height": 98.51775531223848, "width": 167.09013471933739}}