{"map_info": {"height": 203.26931050531314, "width": 146.15625035551028}}