{"map_info": {"height": 112.65535233899048, "width": 71.17957717720248}}