{"map_info": {"height": 205.60717922271922, "width": 288.0397619998933}}