{"map_info": {"height": 259.70822460940354, "width": 329.86973016666053}}