{"map_info": {"height": 162.19209857320448, "width": 285.00499133989166}}