{"map_info": {"height": 75.47449699033092, "width": 188.5877537237674}}