{"map_info": {"height": 219.85587909888318, "width": 415.8137125545318}}