{"map_info": {"height": 214.51330377778746, "width": 198.43843756636755}}