{"map_info": {"height": 201.59953481884608, "width": 146.15625035551028}}