{"map_info": {"height": 152.84197851622338, "width": 196.49929200726703}}