{"map_info": {"height": 278.70145830425236, "width": 359.53585330837245}}