{"map_info": {"height": 414.84214095538726, "width": 178.6622036069104}}