{"map_info": {"height": 266.7213119644323, "width": 288.2163729857186}}