{"map_info": {"height": 171.09804556946116, "width": 208.27748253264085}}