{"map_info": {"height": 82.82169589631788, "width": 203.5466949497142}}