{"map_info": {"height": 1043.3939024867766, "width": 280.7531797982787}}