{"map_info": {"height": 71.57839873755319, "width": 136.42358439752783}}