{"map_info": {"height": 114.65905153400438, "width": 267.21596150508356}}