{"map_info": {"height": 52.765570358208095, "width": 74.06508651424708}}