{"map_info": {"height": 125.69906918859614, "width": 191.30476994607733}}