{"map_info": {"height": 148.8341851847102, "width": 179.3365111921996}}