{"map_info": {"height": 32.839063967915365, "width": 35.21632736571468}}