{"map_info": {"height": 168.09264515612387, "width": 283.2618386483808}}