{"map_info": {"height": 131.35709367610912, "width": 147.0625729085855}}