{"map_info": {"height": 111.31939426924993, "width": 176.32522602086067}}