{"map_info": {"height": 213.28825076220733, "width": 153.42258177486246}}