{"map_info": {"height": 134.02876051004841, "width": 155.5478819318879}}