{"map_info": {"height": 117.88721008705635, "width": 307.936351966495}}