{"map_info": {"height": 73.02558165079799, "width": 77.02259254152244}}