{"map_info": {"height": 269.38855764791566, "width": 281.44632927956184}}