{"map_info": {"height": 98.74039118809577, "width": 172.80913533761716}}