{"map_info": {"height": 249.46726803060704, "width": 227.40030831956736}}