{"map_info": {"height": 232.32380805702368, "width": 88.7028414521729}}