{"map_info": {"height": 194.58641023463625, "width": 198.9725450564893}}