{"map_info": {"height": 72.35767366149457, "width": 96.61811034141641}}