{"map_info": {"height": 235.55211469958505, "width": 218.37400449698865}}