{"map_info": {"height": 69.24078113855659, "width": 65.66851831786107}}