{"map_info": {"height": 221.52570929443502, "width": 97.36374120483586}}