{"map_info": {"height": 181.78477159338266, "width": 186.0957334716654}}