{"map_info": {"height": 79.59342604514467, "width": 73.25614376944354}}