{"map_info": {"height": 157.85102483998048, "width": 37.86443124301106}}