{"map_info": {"height": 114.32518929612611, "width": 116.21629800544072}}