{"map_info": {"height": 62.56154114951607, "width": 173.4715104998982}}