{"map_info": {"height": 230.4312025744358, "width": 272.0094582379469}}