{"map_info": {"height": 57.774892584884455, "width": 117.97939339265169}}