{"map_info": {"height": 135.25317696562587, "width": 36.25122150751929}}