{"map_info": {"height": 142.48950770731392, "width": 87.174732000452}}