{"map_info": {"height": 112.09829447155734, "width": 78.06039554587467}}