{"map_info": {"height": 102.63659158542059, "width": 194.04480976558594}}