{"map_info": {"height": 188.90928087205324, "width": 215.68177892458095}}