{"map_info": {"height": 183.56593870076037, "width": 280.4082942719517}}