{"map_info": {"height": 85.38206761309152, "width": 170.35971495204794}}