{"map_info": {"height": 99.85356464264498, "width": 109.19304276551736}}