{"map_info": {"height": 163.52835686581778, "width": 145.39291727524636}}