{"map_info": {"height": 96.18008175364282, "width": 155.7461202251918}}