{"map_info": {"height": 94.7328007066568, "width": 83.42957638055145}}