{"map_info": {"height": 130.57778814608847, "width": 174.41995232838912}}