{"map_info": {"height": 102.74787095856777, "width": 144.46200259618644}}