{"map_info": {"height": 118.55525064989762, "width": 78.86881112151812}}