{"map_info": {"height": 102.41398615552166, "width": 153.92883171909597}}