{"map_info": {"height": 162.4151371203851, "width": 154.4076655090047}}