{"map_info": {"height": 122.11745493600294, "width": 108.54272324472066}}