{"map_info": {"height": 178.77937983495843, "width": 181.23232906815892}}