{"map_info": {"height": 102.41642144309459, "width": 77.08346938222525}}