{"map_info": {"height": 203.15823294008715, "width": 218.1104060007419}}