{"map_info": {"height": 93.61971713520958, "width": 143.35628215499145}}