{"map_info": {"height": 116.99678179174866, "width": 100.73960310582021}}