{"map_info": {"height": 81.37460730728304, "width": 52.27771810571007}}