{"map_info": {"height": 97.8558677453562, "width": 98.33669730436718}}