{"map_info": {"height": 171.43196133102674, "width": 114.56437362676023}}