{"map_info": {"height": 256.3617178809267, "width": 167.64616046083404}}