{"map_info": {"height": 121.44974253112086, "width": 121.92463610083887}}