{"map_info": {"height": 138.48132157979634, "width": 69.64049425770564}}