{"map_info": {"height": 113.21199967714143, "width": 111.74277957228102}}