{"map_info": {"height": 83.82360319762711, "width": 177.4542680965088}}