{"map_info": {"height": 98.51778888415798, "width": 194.04480976558594}}