{"map_info": {"height": 249.2443202551478, "width": 184.21267168140113}}