{"map_info": {"height": 153.50955664838864, "width": 262.6911902319252}}