{"map_info": {"height": 186.2376233352619, "width": 207.17810453903212}}