{"map_info": {"height": 141.59823613848857, "width": 273.83682961216255}}