{"map_info": {"height": 407.93763237198294, "width": 293.0405776874407}}