{"map_info": {"height": 264.98934204501455, "width": 348.3894959619637}}