{"map_info": {"height": 86.27257483314312, "width": 59.50133779313896}}