{"map_info": {"height": 170.87526383052528, "width": 167.43493197390606}}