{"map_info": {"height": 181.6733704714584, "width": 221.8835492324491}}