{"map_info": {"height": 115.21561703445327, "width": 76.15117335348344}}