{"map_info": {"height": 199.81838361854463, "width": 206.85093524573423}}