{"map_info": {"height": 71.91185425519167, "width": 86.60899755370221}}