{"map_info": {"height": 175.66214346629135, "width": 201.6900659921599}}