{"map_info": {"height": 135.69845767755956, "width": 47.79007185382272}}