{"map_info": {"height": 188.90940833499957, "width": 145.5665232767163}}