{"map_info": {"height": 72.35713042814132, "width": 86.60899755370221}}