{"map_info": {"height": 165.75452454649172, "width": 160.31583948806778}}