{"map_info": {"height": 175.88454792607016, "width": 82.43482051170795}}