{"map_info": {"height": 36.512791857336595, "width": 89.02053037036814}}