{"map_info": {"height": 187.46208607652983, "width": 161.28570595928647}}