{"map_info": {"height": 57.44087654101584, "width": 81.43348597829862}}