{"map_info": {"height": 75.91991921836626, "width": 145.08379414949655}}