{"map_info": {"height": 83.93486862109984, "width": 105.66541564627468}}