{"map_info": {"height": 147.05290631305192, "width": 102.76538498028059}}