{"map_info": {"height": 74.25010289915541, "width": 112.2828176113859}}