{"map_info": {"height": 179.44722918243707, "width": 185.3698272851564}}