{"map_info": {"height": 112.32135988508868, "width": 151.69006595404517}}