{"map_info": {"height": 115.21530258659205, "width": 78.15605123376261}}