{"map_info": {"height": 102.07988286250533, "width": 136.5980353213304}}