{"map_info": {"height": 84.49149319265256, "width": 152.19657843608806}}