{"map_info": {"height": 143.04551334880557, "width": 285.13128201279756}}