{"map_info": {"height": 103.08184388241287, "width": 80.59101527094249}}