{"map_info": {"height": 56.995578120422685, "width": 49.88207398557731}}