{"map_info": {"height": 49.87113771594178, "width": 114.63432859530765}}