{"map_info": {"height": 185.34689029787089, "width": 222.9301697476965}}