{"map_info": {"height": 164.75278711731949, "width": 148.97945852211797}}