{"map_info": {"height": 117.88721008705635, "width": 189.3090331834982}}