{"map_info": {"height": 129.2417983090119, "width": 178.32868596644374}}