{"map_info": {"height": 105.30825656441979, "width": 298.8528816270247}}