{"map_info": {"height": 84.49149324575272, "width": 134.22865798624048}}