{"map_info": {"height": 98.62907890027277, "width": 188.10453877659415}}