{"map_info": {"height": 310.4607147754531, "width": 227.70215502963526}}