{"map_info": {"height": 119.8911058135741, "width": 87.03430664680693}}