{"map_info": {"height": 111.54205773752922, "width": 159.13425240451932}}