{"map_info": {"height": 116.9986547348943, "width": 292.0531222425972}}