{"map_info": {"height": 178.33484598727972, "width": 216.06838341049368}}