{"map_info": {"height": 72.46904310733454, "width": 55.73362611841681}}