{"map_info": {"height": 221.63729428677385, "width": 154.36234994862266}}