{"map_info": {"height": 127.34951768496488, "width": 157.6350846625648}}