{"map_info": {"height": 79.59346630960351, "width": 104.99788352514793}}