{"map_info": {"height": 230.5426398188362, "width": 135.23572788267774}}