{"map_info": {"height": 52.09752169870886, "width": 125.29245921895736}}