{"map_info": {"height": 294.6637035765021, "width": 505.29915802389604}}