{"map_info": {"height": 142.6008283613404, "width": 87.174732000452}}