{"map_info": {"height": 103.74903306499789, "width": 73.645806683662}}