{"map_info": {"height": 99.40831635530904, "width": 97.27334186917977}}