{"map_info": {"height": 196.36742189075252, "width": 415.8137125545318}}