{"map_info": {"height": 78.70286790899097, "width": 70.81128840245027}}