{"map_info": {"height": 63.34078439912914, "width": 101.52119047914891}}