{"map_info": {"height": 278.18791490163585, "width": 216.89036712245647}}