{"map_info": {"height": 213.62200008389897, "width": 218.5116995953225}}