{"map_info": {"height": 110.76276512507017, "width": 108.4001822511501}}