{"map_info": {"height": 172.87916646774897, "width": 117.09011440844455}}