{"map_info": {"height": 119.89806772505338, "width": 292.0531222425972}}