{"map_info": {"height": 215.40326867343103, "width": 162.44177147148662}}