{"map_info": {"height": 113.54586760009981, "width": 150.73843442431243}}