{"map_info": {"height": 103.41585723958856, "width": 153.92883171909597}}