{"map_info": {"height": 113.21193088229839, "width": 62.633606445394356}}