{"map_info": {"height": 87.38594140488213, "width": 80.68509275477352}}