{"map_info": {"height": 163.86223150076358, "width": 80.34063338712252}}