{"map_info": {"height": 44.52779823344357, "width": 56.178458691667814}}