{"map_info": {"height": 80.37274716669106, "width": 72.44796984507333}}