{"map_info": {"height": 169.87360294262837, "width": 212.85320458216685}}