{"map_info": {"height": 214.40198508126107, "width": 198.43843756636755}}