{"map_info": {"height": 98.29526250257463, "width": 108.48507834921075}}