{"map_info": {"height": 147.94355850370937, "width": 148.59029194137028}}