{"map_info": {"height": 142.26632810466555, "width": 97.1654650296057}}