{"map_info": {"height": 115.99467883104069, "width": 144.52906850027702}}