{"map_info": {"height": 85.82738505074363, "width": 74.54239210082872}}