{"map_info": {"height": 141.82082382860548, "width": 130.54212244505038}}