{"map_info": {"height": 145.49453057509118, "width": 116.11870104887299}}