{"map_info": {"height": 143.82046459051585, "width": 141.48105763605446}}