{"map_info": {"height": 151.39441620132513, "width": 161.26783378198448}}