{"map_info": {"height": 91.28198234068665, "width": 193.05773319748513}}