{"map_info": {"height": 212.62034025423728, "width": 153.42258177486246}}