{"map_info": {"height": 81.37453966157801, "width": 84.15183023862312}}