{"map_info": {"height": 181.6733436009434, "width": 211.30341977621262}}