{"map_info": {"height": 68.35016807070258, "width": 156.0842923818298}}