{"map_info": {"height": 103.63855602022346, "width": 53.32319781714791}}