{"map_info": {"height": 143.82046459051585, "width": 141.3857546789131}}