{"map_info": {"height": 98.62907890027277, "width": 174.16730928123084}}