{"map_info": {"height": 110.54017770170898, "width": 155.23203688401708}}