{"map_info": {"height": 55.993702939555796, "width": 94.8309306891779}}