{"map_info": {"height": 62.78416468099597, "width": 56.79197489081555}}