{"map_info": {"height": 197.03560299355956, "width": 389.8493965536926}}