{"map_info": {"height": 137.92481462832944, "width": 101.77866218032811}}