{"map_info": {"height": 177.10925276672324, "width": 155.87513361972418}}