{"map_info": {"height": 110.42880758612968, "width": 79.403476511316}}