{"map_info": {"height": 144.04741494861028, "width": 124.1926698555264}}