{"map_info": {"height": 76.47652536107815, "width": 119.95116838860683}}