{"map_info": {"height": 144.04723046922155, "width": 333.0718777953989}}