{"map_info": {"height": 35.956195363337464, "width": 48.08826077818103}}