{"map_info": {"height": 169.65044254739445, "width": 251.98014410878227}}