{"map_info": {"height": 85.38206268172281, "width": 49.784963044329146}}