{"map_info": {"height": 88.61039435430553, "width": 134.38253313505675}}