{"map_info": {"height": 137.92481462832944, "width": 97.45378985062128}}