{"map_info": {"height": 194.4750918057189, "width": 198.9725450564893}}