{"map_info": {"height": 178.55659449705453, "width": 145.5665232767163}}