{"map_info": {"height": 413.44103956743425, "width": 186.71886679243602}}