{"map_info": {"height": 299.22354644426446, "width": 255.84422273497142}}