{"map_info": {"height": 221.63702991982515, "width": 97.36374120483586}}