{"map_info": {"height": 259.37427045626515, "width": 319.21649781844286}}