{"map_info": {"height": 111.31950742442845, "width": 106.88916516483955}}