{"map_info": {"height": 131.46841255051837, "width": 147.0625729085855}}