{"map_info": {"height": 145.04925153348358, "width": 293.7138289612225}}