{"map_info": {"height": 111.20832460675318, "width": 181.23265643408732}}