{"map_info": {"height": 186.57170907084236, "width": 163.8098473430889}}