{"map_info": {"height": 124.45519992172456, "width": 99.5927092216528}}