{"map_info": {"height": 212.0599746644009, "width": 146.74902374734265}}