{"map_info": {"height": 28.943055201201226, "width": 43.394991385289316}}