{"map_info": {"height": 58.77667566972564, "width": 74.73264753657519}}