{"map_info": {"height": 78.03496452613199, "width": 106.67961478775442}}