{"map_info": {"height": 94.1762859742297, "width": 93.9283050477646}}