{"map_info": {"height": 153.28700314852497, "width": 107.67047992225935}}