{"map_info": {"height": 63.00683080785306, "width": 77.83607823728691}}