{"map_info": {"height": 114.5484470413427, "width": 190.22280617311412}}