{"map_info": {"height": 175.66214346629135, "width": 213.3974176282567}}