{"map_info": {"height": 76.58786032579667, "width": 157.65250427517557}}