{"map_info": {"height": 208.61272355504258, "width": 113.27648545971937}}