{"map_info": {"height": 198.70530474357534, "width": 159.83397836301106}}