{"map_info": {"height": 1038.8305052986552, "width": 281.61029602056817}}