{"map_info": {"height": 86.71789127258305, "width": 49.784963044329146}}