{"map_info": {"height": 97.07060521518494, "width": 86.25211653536782}}