{"map_info": {"height": 67.23702747039864, "width": 149.9136297612657}}