{"map_info": {"height": 135.25312335895777, "width": 139.36243872365412}}