{"map_info": {"height": 65.90112175498355, "width": 69.90662504224599}}