{"map_info": {"height": 73.13690074845901, "width": 77.02259254152244}}