{"map_info": {"height": 175.77346387860734, "width": 213.3974176282567}}