{"map_info": {"height": 98.85167962651401, "width": 165.70137822909223}}