{"map_info": {"height": 59.221978011087465, "width": 78.25535672826219}}