{"map_info": {"height": 1044.842292408655, "width": 313.2283610451955}}