{"map_info": {"height": 149.50201126046835, "width": 278.8331507148679}}