{"map_info": {"height": 277.965278420109, "width": 217.6544018821595}}