{"map_info": {"height": 127.23829085834149, "width": 224.1559937098857}}