{"map_info": {"height": 275.5180485637653, "width": 178.05175073222279}}