{"map_info": {"height": 181.90173221394465, "width": 153.93822620190107}}