{"map_info": {"height": 196.1449572645092, "width": 194.57628661057495}}