{"map_info": {"height": 111.43073772908127, "width": 159.0390764155152}}