{"map_info": {"height": 75.9199126520561, "width": 118.08859104690461}}