{"map_info": {"height": 89.72350572308866, "width": 64.4985724494778}}