{"map_info": {"height": 40.07501268492866, "width": 94.09786356987989}}