{"map_info": {"height": 72.02364314815986, "width": 130.33843212083002}}