{"map_info": {"height": 216.73930137792524, "width": 71.33836626553035}}