{"map_info": {"height": 66.01244156327147, "width": 69.90662504224599}}