{"map_info": {"height": 132.58137099686857, "width": 115.64205840903313}}