{"map_info": {"height": 137.92481462832944, "width": 101.00979598880906}}