{"map_info": {"height": 222.19355697052285, "width": 133.61606692663392}}