{"map_info": {"height": 100.74413542812817, "width": 117.57823792414325}}