{"map_info": {"height": 117.2194258469379, "width": 68.65634044461429}}