{"map_info": {"height": 206.16383001401977, "width": 203.81450129545735}}