{"map_info": {"height": 253.36308692723804, "width": 210.77808905282228}}