{"map_info": {"height": 163.19320415989375, "width": 187.50394500801744}}