{"map_info": {"height": 108.09121926525296, "width": 152.36078139383085}}