{"map_info": {"height": 56.995578120422685, "width": 57.67317887502875}}