{"map_info": {"height": 93.28579681983493, "width": 79.35145485898838}}