{"map_info": {"height": 40.631536309118054, "width": 49.109280959279545}}