{"map_info": {"height": 124.45519992172456, "width": 99.68792214068993}}