{"map_info": {"height": 115.77225563396004, "width": 103.77064738724572}}