{"map_info": {"height": 366.130353631489, "width": 218.7359634208074}}