{"map_info": {"height": 76.03794446751698, "width": 149.83566434816814}}