{"map_info": {"height": 103.41580175087768, "width": 96.39125139786267}}