{"map_info": {"height": 200.4864421618867, "width": 220.3952814874388}}