{"map_info": {"height": 84.60238168694492, "width": 69.17674343837847}}