{"map_info": {"height": 201.04297495378606, "width": 124.15687777016333}}