{"map_info": {"height": 117.5534282504965, "width": 114.8367450859558}}