{"map_info": {"height": 225.75590105012475, "width": 130.19174929154804}}