{"map_info": {"height": 115.32699246409918, "width": 103.67561932274062}}