{"map_info": {"height": 116.6627109063159, "width": 171.00709844985357}}