{"map_info": {"height": 155.735836625185, "width": 160.30488169931144}}