{"map_info": {"height": 137.8135413962286, "width": 156.38156075724123}}