{"map_info": {"height": 83.04442650447841, "width": 113.72011124652744}}