{"map_info": {"height": 201.93311365867442, "width": 235.68745382449066}}