{"map_info": {"height": 63.118149964052655, "width": 77.83607823728691}}