{"map_info": {"height": 194.70744291519915, "width": 229.75610184828835}}