{"map_info": {"height": 162.19249641496492, "width": 154.40766551218647}}