{"map_info": {"height": 189.57714010787836, "width": 283.2618386483808}}