{"map_info": {"height": 212.06273086548222, "width": 146.74902374734265}}