{"map_info": {"height": 106.64388059569488, "width": 105.00489774951623}}