{"map_info": {"height": 66.12377601290375, "width": 77.1740660912221}}