{"map_info": {"height": 78.1462849249676, "width": 60.38339821907915}}