{"map_info": {"height": 159.85481591539914, "width": 187.97488201921405}}