{"map_info": {"height": 428.5808017517368, "width": 218.7359634208074}}