{"map_info": {"height": 110.54019373433272, "width": 105.25340007896234}}