{"map_info": {"height": 90.83673085251928, "width": 124.55754201553529}}