{"map_info": {"height": 114.77034171631344, "width": 76.15117335348344}}