{"map_info": {"height": 116.32889739480375, "width": 103.56516499965622}}