{"map_info": {"height": 176.8866229444541, "width": 115.8078715364379}}