{"map_info": {"height": 230.5429006732356, "width": 232.41266175048293}}