{"map_info": {"height": 83.93489517122578, "width": 204.21312472766468}}