{"map_info": {"height": 82.93304048737926, "width": 104.99788352514793}}