{"map_info": {"height": 198.70530268845707, "width": 288.0397619998933}}