{"map_info": {"height": 124.23246891629722, "width": 146.69229376409885}}