{"map_info": {"height": 380.94684502883695, "width": 258.77491085779474}}