{"map_info": {"height": 175.6621471861841, "width": 80.24544306248136}}