{"map_info": {"height": 73.02559296704806, "width": 93.95278316158343}}