{"map_info": {"height": 163.52835686581778, "width": 153.69290665152892}}