{"map_info": {"height": 124.00990096148014, "width": 195.53674591205103}}